Sequence,AB score,AV score,AP score,AF score
RTLFVCRVGD,0.2283814251422882,0.6085569262504578,0.12250976264476776,0.04055188223719597
FTFYLPLFVCRRNPRPRRVSCRE,0.510820746421814,0.21744711697101593,0.20936301350593567,0.06236913427710533
KLKKVTGKKMSKCMKCKIYVCS,0.5529879331588745,0.2015313357114792,0.15850135684013367,0.08697933703660965
VFVVVTLLKKVKLLC,0.4806809723377228,0.22191599011421204,0.13785867393016815,0.15954436361789703
