Sequence,AB score,AV score,AP score,AF score
RTLFVCRVGD,0.22838141024112701,0.6085569262504578,0.12250978499650955,0.04055187851190567
FTFYLPLFVCRRNPRPRRVSCRE,0.510820746421814,0.21744710206985474,0.20936305820941925,0.06236913427710533
KLKKVTGKKMSKCMKCKIYVCS,0.5529879927635193,0.20153138041496277,0.15850132703781128,0.08697935193777084
VFVVVTLLKKVKLLC,0.4806809723377228,0.22191599011421204,0.13785865902900696,0.15954434871673584
