Sequence,Non-AMP score,AMP score
RTLFVCRVGD,0.031091397628188133,0.9689086079597473
VFVVVTLLKKVKLLC,0.012283144518733025,0.9877169132232666
KLKKVTGKKMSKCMKCKIYVCS,4.000332410214469e-05,0.9999599456787109
FTFYLPLFVCRRNPRPRRVSCRE,0.004386649001389742,0.9956133365631104
