Sequence,Size,BomanI,NetCharge,HydrophobicRatio,HydrophobicMoment,Aliphatic,InstaIndex,IsoelectricPoint
CYFQNCPRG,9,2.3066666666666666,0.68,0.3333333333333333,0.5217972838930733,0.0,9.277777777777782,8.0888671875
DFDMLRCMLGRVYRPCWQV,19,1.918421052631579,0.68,0.47368421052631576,0.47295192133070385,71.57894736842104,41.08947368421052,8.0888671875
HSDATFTAEYSKLLAKLALQKYLESILGSSTSPRPPSS,38,1.4131578947368417,1.027,0.3157894736842105,0.11757366168384455,82.36842105263158,62.15263157894736,9.40087890625
YPLG,4,-1.4300000000000002,-0.012,0.25,0.21814444615167827,97.5,38.35,6.0
CSTRAENQC,9,3.9455555555555555,-0.318,0.3333333333333333,0.3539727382581496,11.11111111111111,-7.866666666666667,5.984375
SSGLYHVTNDCPNSSIVY,18,1.276111111111111,-1.126,0.2777777777777778,0.14281450953775435,75.55555555555554,26.427777777777784,4.87890625
IWLTALKFLGKHAAKHLAKQQLSK,24,0.46291666666666664,5.071,0.4583333333333333,0.13295536162602498,114.16666666666666,25.525000000000002,11.27880859375
LVVLLLFAGVDAETHVTG,18,-1.0550000000000002,-1.968,0.6111111111111112,0.09206630409687645,162.22222222222223,-8.338888888888889,3.9375

