Sequence,Size,BomanI,NetCharge,HydrophobicRatio,HydrophobicMoment,Aliphatic,InstaIndex,IsoelectricPoint
GLGGIPPPGQSGLAVASALVDISQQMPIVYKEKSGAVRNRKQQPPAQPGTCI,52,0.9298076923076921,2.833,0.34615384615384615,0.12942579819031955,84.42307692307692,57.90961538461538,10.10693359375
KKPYILKKPYIL,12,0.2333333333333334,3.984,0.3333333333333333,0.08348447396153973,129.99999999999997,21.625000000000004,10.508056640625
DRVYIHPFHL,10,1.624,0.071,0.4,0.33301754696660735,107.0,22.64,7.82421875
MEHFRW,6,3.121666666666666,0.032,0.3333333333333333,0.4717227326448479,0.0,73.95000000000002,7.7109375
TFFYGGSRGKRNNFRTEEY,19,3.908947368421053,1.986,0.15789473684210525,0.37084006053571816,0.0,79.39,10.05712890625
QRFSR,5,7.159999999999999,1.99,0.2,1.1186708391557554,0.0,46.52,12.1015625
CPSHLDAFC,9,0.5011111111111112,-1.276,0.5555555555555556,0.2931549257888286,54.44444444444444,51.6888888888889,4.87890625
CHTNASPHC,9,1.951111111111111,-0.235,0.3333333333333333,0.10360117441786701,11.11111111111111,68.85555555555555,7.0830078125
LFGVLAKVAAHVVPAIAEHF,20,-1.2594999999999996,0.073,0.7,0.3952126582118435,141.5,11.315000000000005,7.8515625
FKLPLGINITNFRAILTAFS,20,-0.036500000000000046,1.989,0.55,0.2559513689317544,127.0,19.695,11.400390625
ELQREESPTGPPGSIRTWFQRIPLGWFHCTYQK,33,2.1900000000000004,0.877,0.21212121212121213,0.07157463782510295,47.27272727272727,60.06060606060606,8.6943359375
